JMAcode,pref,city,lat,lng,rank,shindo
020103,青森県,つがる市,40.808639,140.380059,1,1
020205,青森県,深浦町,40.647895,139.927375,1,1
030202,岩手県,陸前高田市,39.027661,141.625495,1,1
030305,岩手県,雫石町,39.696288,140.975776,1,1
030404,岩手県,一関市,38.934682,141.126800,1,1
030405,岩手県,奥州市,39.144529,141.139141,1,1
030406,岩手県,西和賀町,39.434621,140.750124,1,1
030408,岩手県,平泉町,38.986662,141.113822,1,1
040101,宮城県,気仙沼市,38.908078,141.569992,1,1
040102,宮城県,登米市,38.691923,141.187579,2,2
040103,宮城県,栗原市,38.730128,141.021333,3,3
040104,宮城県,大崎市,38.577071,140.955350,2,2
040106,宮城県,加美町,38.571767,140.854751,3,3
040107,宮城県,涌谷町,38.539646,141.128075,2,2
040108,宮城県,美里町,38.544391,141.056695,2,2
040109,宮城県,南三陸町,38.679771,141.460514,1,1
040201,宮城県,仙台青葉区,38.269076,140.870403,2,2
040202,宮城県,仙台宮城野区,38.266139,140.909832,2,2
040203,宮城県,仙台若林区,38.244224,140.900756,2,2
040204,宮城県,仙台太白区,38.224348,140.877134,2,2
040205,宮城県,仙台泉区,38.326375,140.881629,2,2
040206,宮城県,石巻市,38.434480,141.302917,3,3
040207,宮城県,塩竈市,38.314362,141.022027,1,1
040208,宮城県,多賀城市,38.293839,141.004225,1,1
040209,宮城県,東松島市,38.426168,141.210242,1,1
040210,宮城県,富谷市,38.400245, 140.89531,1,1
040211,宮城県,松島町,38.380128,141.067244,1,1
040212,宮城県,七ヶ浜町,38.304613,141.059186,1,1
040213,宮城県,利府町,38.330190,140.975722,2,2
040214,宮城県,大和町,38.437329,140.886306,1,1
040215,宮城県,大郷町,38.424260,141.004445,2,2
040301,宮城県,白石市,38.002478,140.619860,2,2
040302,宮城県,名取市,38.171520,140.891913,3,3
040303,宮城県,角田市,37.977063,140.781990,3,3
040304,宮城県,岩沼市,38.104292,140.870138,3,3
040305,宮城県,蔵王町,38.098164,140.658416,3,3
040306,宮城県,七ヶ宿町,37.993063,140.441612,2,2
040307,宮城県,大河原町,38.049493,140.730721,3,3
040308,宮城県,村田町,38.118539,140.722404,2,2
040309,宮城県,柴田町,38.056563,140.765790,1,1
040310,宮城県,川崎町,38.177737,140.643202,2,2
040311,宮城県,丸森町,37.911429,140.765528,3,3
040312,宮城県,亘理町,38.037460,140.852581,2,2
040313,宮城県,山元町,37.961668,140.877818,2,2
050101,秋田県,能代市,40.212151,140.026624,1,1
050102,秋田県,男鹿市,39.886818,139.847558,2,2
050103,秋田県,潟上市,39.857288,140.013054,1,1
050104,秋田県,藤里町,40.278360,140.261704,1,1
050105,秋田県,三種町,40.101626,140.004748,1,1
050107,秋田県,五城目町,39.943892,140.111306,1,1
050108,秋田県,八郎潟町,39.949382,140.073318,1,1
050109,秋田県,井川町,39.914169,140.081294,1,1
050110,秋田県,大潟村,40.017792,139.960067,1,1
050201,秋田県,秋田市,39.720008,140.102564,2,2
050202,秋田県,由利本荘市,39.385877,140.048791,2,2
050203,秋田県,にかほ市,39.203012,139.907713,2,2
050301,秋田県,大館市,40.271405,140.564285,1,1
050303,秋田県,北秋田市,40.226054,140.370742,1,1
050401,秋田県,横手市,39.313782,140.566649,2,2
050402,秋田県,湯沢市,39.164304,140.495663,1,1
050403,秋田県,大仙市,39.453088,140.475448,2,2
050404,秋田県,仙北市,39.700069,140.730588,1,1
050405,秋田県,美郷町,39.461905,140.581299,1,1
050406,秋田県,羽後町,39.199323,140.412923,2,2
050407,秋田県,東成瀬村,39.179183,140.648890,1,1
060101,山形県,鶴岡市,38.727197,139.826731,3,3
060102,山形県,酒田市,38.914433,139.836515,3,3
060103,山形県,三川町,38.794487,139.849696,3,3
060104,山形県,庄内町,38.849915,139.904745,3,3
060105,山形県,遊佐町,39.014616,139.907352,3,3
060201,山形県,新庄市,38.765015,140.301608,2,2
060204,山形県,舟形町,38.691444,140.319776,2,2
060206,山形県,大蔵村,38.704182,140.230374,2,2
060207,山形県,鮭川村,38.796457,140.222052,2,2
060208,山形県,戸沢村,38.737473,140.143804,2,2
060301,山形県,山形市,38.255439,140.339602,2,2
060302,山形県,寒河江市,38.380964,140.275967,3,3
060303,山形県,上山市,38.149562,140.267827,3,3
060304,山形県,村山市,38.483344,140.380372,3,3
060305,山形県,天童市,38.362265,140.377886,3,3
060306,山形県,東根市,38.431354,140.391090,2,2
060307,山形県,尾花沢市,38.600622,140.405691,2,2
060308,山形県,山辺町,38.289114,140.262178,4,4
060309,山形県,中山町,38.333114,140.283034,4,4
060310,山形県,河北町,38.426271,140.314284,3,3
060311,山形県,西川町,38.426499,140.147347,3,3
060312,山形県,朝日町,38.299248,140.145926,3,3
060313,山形県,大江町,38.380648,140.207013,3,3
060314,山形県,大石田町,38.593863,140.372680,2,2
060401,山形県,米沢市,37.922240,140.116781,3,3
060402,山形県,長井市,38.107494,140.040524,3,3
060403,山形県,南陽市,38.055141,140.148375,3,3
060404,山形県,高畠町,38.002736,140.189160,3,3
060405,山形県,川西町,38.004479,140.045790,3,3
060406,山形県,小国町,38.061627,139.743364,3,3
060407,山形県,白鷹町,38.183095,140.098438,3,3
060408,山形県,飯豊町,38.045827,139.987529,3,3
070101,福島県,福島市,37.760834,140.474728,2,2
070102,福島県,郡山市,37.400529,140.359742,3,3
070103,福島県,白河市,37.126362,140.210943,3,3
070104,福島県,須賀川市,37.292893,140.356975,3,3
070105,福島県,二本松市,37.584858,140.431129,2,2
070106,福島県,田村市,37.440550,140.576422,3,3
070107,福島県,伊達市,37.819138,140.562908,2,2
070108,福島県,本宮市,37.513131,140.393890,3,3
070109,福島県,桑折町,37.849537,140.516352,2,2
070110,福島県,国見町,37.837000,140.549185,3,3
070111,福島県,川俣町,37.663922,140.597333,2,2
070112,福島県,大玉村,37.534392,140.371189,3,3
070113,福島県,鏡石町,37.252830,140.343408,3,3
070114,福島県,天栄村,37.255606,140.247074,2,2
070115,福島県,西郷村,37.141696,140.155364,2,2
070116,福島県,泉崎村,37.157052,140.295252,3,3
070117,福島県,中島村,37.148757,140.350204,3,3
070118,福島県,矢吹町,37.201278,140.338608,3,3
070119,福島県,棚倉町,37.029905,140.379648,3,3
070120,福島県,矢祭町,36.871403,140.424783,3,3
070121,福島県,塙町,36.957437,140.409573,2,2
070122,福島県,鮫川村,37.042327,140.509669,2,2
070123,福島県,石川町,37.144330,140.452351,1,1
070124,福島県,玉川村,37.210706,140.409038,2,2
070125,福島県,平田村,37.221786,140.575876,2,2
070126,福島県,浅川町,37.080995,140.412809,2,2
070127,福島県,古殿町,37.089093,140.555649,2,2
070128,福島県,三春町,37.441048,140.492569,2,2
070129,福島県,小野町,37.286823,140.626277,2,2
070201,福島県,いわき市,37.050420,140.887682,3,3
070202,福島県,相馬市,37.796624,140.919470,2,2
070203,福島県,南相馬市,37.642161,140.957276,3,3
070204,福島県,広野町,37.214559,140.994458,2,2
070205,福島県,楢葉町,37.282500,140.993611,2,2
070206,福島県,富岡町,37.333056,141.016944,3,3
070207,福島県,川内村,37.337691,140.809345,2,2
070208,福島県,大熊町,37.404444,140.983611,3,3
070209,福島県,双葉町,37.449167,141.012500,3,3
070210,福島県,浪江町,37.483333,141.000000,3,3
070211,福島県,葛尾村,37.503611,140.764444,2,2
070212,福島県,新地町,37.876357,140.919599,2,2
070213,福島県,飯舘村,37.679190,140.735247,1,1
070301,福島県,会津若松市,37.494761,139.929810,3,3
070302,福島県,喜多方市,37.651355,139.874609,4,4
070303,福島県,下郷町,37.255580,139.872128,4,4
070304,福島県,檜枝岐村,37.024146,139.388945,3,3
070305,福島県,只見町,37.348801,139.316091,4,4
070306,福島県,南会津町,37.200395,139.773199,4,4
070307,福島県,北塩原村,37.655715,139.937374,3,3
070308,福島県,西会津町,37.588798,139.647495,4,4
070309,福島県,磐梯町,37.562115,139.988780,3,3
070310,福島県,猪苗代町,37.557768,140.104761,3,3
070311,福島県,会津坂下町,37.561481,139.821643,4,4
070312,福島県,湯川村,37.565299,139.886778,3,3
070313,福島県,柳津町,37.526160,139.719542,4,4
070314,福島県,三島町,37.470369,139.644447,4,4
070315,福島県,金山町,37.453851,139.524298,4,4
070316,福島県,昭和村,37.335416,139.610660,4,4
070317,福島県,会津美里町,37.459854,139.841178,3,3
080101,茨城県,水戸市,36.366503,140.470996,3,3
080102,茨城県,日立市,36.599154,140.651469,3,3
080103,茨城県,常陸太田市,36.538275,140.530950,3,3
080104,茨城県,高萩市,36.719147,140.716688,3,3
080105,茨城県,北茨城市,36.801911,140.750979,2,2
080106,茨城県,笠間市,36.345300,140.304354,2,2
080107,茨城県,ひたちなか市,36.396615,140.534676,3,3
080108,茨城県,常陸大宮市,36.542577,140.410890,3,3
080109,茨城県,那珂市,36.457469,140.486854,3,3
080110,茨城県,小美玉市,36.239345,140.352576,3,3
080111,茨城県,茨城町,36.286921,140.424514,4,4
080112,茨城県,大洗町,36.313443,140.574974,1,1
080113,茨城県,城里町,36.479363,140.376166,3,3
080115,茨城県,大子町,36.768096,140.355266,2,2
080201,茨城県,土浦市,36.078297,140.204333,3,3
080202,茨城県,古河市,36.184645,139.702525,4,4
080203,茨城県,石岡市,36.190048,140.287556,3,3
080204,茨城県,結城市,36.305417,139.876641,3,3
080205,茨城県,龍ケ崎市,35.911594,140.182264,2,2
080206,茨城県,下妻市,36.184514,139.967374,3,3
080207,茨城県,常総市,36.023494,139.993617,3,3
080208,茨城県,取手市,35.911442,140.050468,3,3
080209,茨城県,牛久市,35.979375,140.149524,3,3
080210,茨城県,つくば市,36.083486,140.076642,3,3
080211,茨城県,鹿嶋市,35.965756,140.644813,2,2
080213,茨城県,守谷市,35.951421,139.975391,3,3
080214,茨城県,筑西市,36.307053,139.983123,3,3
080215,茨城県,坂東市,36.048738,139.888320,4,4
080216,茨城県,稲敷市,35.956492,140.323908,4,4
080217,茨城県,かすみがうら市,36.094529,140.330691,3,3
080218,茨城県,桜川市,36.327250,140.090433,2,2
080219,茨城県,神栖市,35.889966,140.664513,2,2
080220,茨城県,行方市,35.990416,140.489025,3,3
080221,茨城県,鉾田市,36.158640,140.516461,3,3
080222,茨城県,つくばみらい市,35.963024,140.037020,4,4
080223,茨城県,美浦村,36.004562,140.301914,3,3
080224,茨城県,阿見町,36.030795,140.214786,4,4
080225,茨城県,河内町,35.884794,140.244465,3,3
080226,茨城県,八千代町,36.181635,139.891129,3,3
080227,茨城県,五霞町,36.114113,139.745832,3,3
080228,茨城県,境町,36.108426,139.794961,4,4
080229,茨城県,利根町,35.857747,140.139148,3,3
090101,栃木県,日光市,36.719903,139.698216,4,4
090102,栃木県,大田原市,36.871484,140.017419,3,3
090103,栃木県,矢板市,36.806686,139.924054,3,3
090104,栃木県,那須塩原市,36.961698,140.046066,3,3
090105,栃木県,塩谷町,36.777613,139.850570,3,3
090106,栃木県,那須町,37.019731,140.121017,3,3
090201,栃木県,宇都宮市,36.555112,139.882807,3,3
090202,栃木県,足利市,36.340151,139.449698,4,4
090203,栃木県,栃木市,36.382380,139.734081,4,4
090204,栃木県,佐野市,36.308578,139.593118,4,4
090205,栃木県,鹿沼市,36.567111,139.745013,3,3
090207,栃木県,真岡市,36.440419,140.013442,3,3
090208,栃木県,さくら市,36.685301,139.966452,3,3
090209,栃木県,那須烏山市,36.656893,140.151426,3,3
090210,栃木県,下野市,36.387195,139.841967,3,3
090211,栃木県,上三川町,36.439296,139.909884,3,3
090212,栃木県,益子町,36.467353,140.093378,2,2
090213,栃木県,茂木町,36.532120,140.187565,2,2
090215,栃木県,芳賀町,36.548323,140.058196,3,3
090216,栃木県,壬生町,36.427058,139.803932,3,3
090217,栃木県,野木町,36.233251,139.740750,4,4
090218,栃木県,高根沢町,36.630973,139.986684,3,3
090219,栃木県,那珂川町,36.761661,140.130072,3,3
100101,群馬県,沼田市,36.646077,139.044161,5,5弱
100102,群馬県,中之条町,36.589893,138.840986,3,3
100103,群馬県,長野原町,36.552446,138.637477,3,3
100104,群馬県,嬬恋村,36.516874,138.530182,2,2
100107,群馬県,東吾妻町,36.571347,138.825472,4,4
100108,群馬県,片品村,36.772469,139.225243,5,5弱
100110,群馬県,昭和村,36.639753,139.065865,5,5弱
100111,群馬県,みなかみ町,36.678700,138.999064,4,4
100201,群馬県,前橋市,36.389482,139.063428,4,4
100202,群馬県,高崎市,36.321909,139.003294,4,4
100203,群馬県,桐生市,36.405491,139.330688,4,4
100204,群馬県,伊勢崎市,36.311364,139.196770,4,4
100205,群馬県,太田市,36.291122,139.375471,4,4
100206,群馬県,館林市,36.244849,139.541968,4,4
100207,群馬県,渋川市,36.489471,139.000448,5,5弱
100208,群馬県,藤岡市,36.258477,139.074439,4,4
100209,群馬県,富岡市,36.259896,138.889932,3,3
100210,群馬県,安中市,36.326368,138.887324,4,4
100211,群馬県,みどり市,36.394838,139.281135,4,4
100212,群馬県,榛東村,36.438642,138.967118,3,3
100213,群馬県,吉岡町,36.447501,139.009766,4,4
100214,群馬県,上野村,36.083143,138.777376,3,3
100215,群馬県,神流町,36.116056,138.916955,2,2
100217,群馬県,南牧村,36.158548,138.711406,2,2
100218,群馬県,甘楽町,36.242954,138.921682,3,3
100219,群馬県,玉村町,36.304433,139.114913,4,4
100220,群馬県,板倉町,36.222952,139.610271,4,4
100221,群馬県,明和町,36.211300,139.534244,4,4
100222,群馬県,千代田町,36.217754,139.442435,4,4
100223,群馬県,大泉町,36.247902,139.404870,4,4
100224,群馬県,邑楽町,36.252394,139.462286,4,4
110101,埼玉県,熊谷市,36.147310,139.388645,4,4
110102,埼玉県,行田市,36.138949,139.455643,4,4
110103,埼玉県,加須市,36.131438,139.601719,4,4
110104,埼玉県,本庄市,36.243568,139.190393,3,3
110105,埼玉県,東松山市,36.042126,139.399959,3,3
110106,埼玉県,羽生市,36.172626,139.548465,4,4
110107,埼玉県,鴻巣市,36.065758,139.522169,4,4
110108,埼玉県,深谷市,36.197444,139.281464,3,3
110109,埼玉県,久喜市,36.061995,139.666838,4,4
110110,埼玉県,滑川町,36.065987,139.360917,3,3
110111,埼玉県,嵐山町,36.056655,139.320542,2,2
110113,埼玉県,吉見町,36.039853,139.453728,3,3
110114,埼玉県,鳩山町,35.981466,139.334101,2,2
110115,埼玉県,ときがわ町,36.008620,139.296844,2,2
110116,埼玉県,東秩父村,36.058153,139.194607,2,2
110117,埼玉県,美里町,36.177104,139.181410,4,4
110118,埼玉県,神川町,36.213876,139.101776,3,3
110119,埼玉県,上里町,36.251607,139.144826,4,4
110120,埼玉県,寄居町,36.118348,139.193012,2,2
110205,埼玉県,さいたま中央区,35.884096,139.626102,4,4
110207,埼玉県,さいたま浦和区,35.861651,139.645435,4,4
110210,埼玉県,さいたま岩槻区,35.949861,139.694191,4,4
110211,埼玉県,川越市,35.925101,139.485793,2,2
110212,埼玉県,川口市,35.807738,139.724171,4,4
110213,埼玉県,所沢市,35.799672,139.468610,2,2
110214,埼玉県,飯能市,35.855731,139.327734,2,2
110215,埼玉県,春日部市,35.975198,139.752301,4,4
110216,埼玉県,狭山市,35.852942,139.412213,3,3
110217,埼玉県,上尾市,35.977381,139.593206,3,3
110218,埼玉県,草加市,35.825355,139.805402,4,4
110219,埼玉県,越谷市,35.891084,139.790938,4,4
110220,埼玉県,蕨市,35.825634,139.679708,3,3
110221,埼玉県,戸田市,35.817616,139.677892,4,4
110222,埼玉県,入間市,35.835766,139.391058,3,3
110224,埼玉県,志木市,35.836750,139.580319,3,3
110225,埼玉県,和光市,35.781208,139.605793,3,3
110226,埼玉県,新座市,35.793511,139.565369,3,3
110227,埼玉県,桶川市,36.005779,139.542531,4,4
110228,埼玉県,北本市,36.026768,139.530211,3,3
110229,埼玉県,八潮市,35.822536,139.839175,4,4
110230,埼玉県,富士見市,35.856759,139.549074,3,3
110231,埼玉県,三郷市,35.830149,139.872275,3,3
110232,埼玉県,蓮田市,35.994307,139.662106,4,4
110233,埼玉県,坂戸市,35.957170,139.402905,3,3
110234,埼玉県,幸手市,36.078072,139.725861,4,4
110235,埼玉県,鶴ヶ島市,35.934515,139.393098,3,3
110236,埼玉県,日高市,35.907796,139.339026,3,3
110237,埼玉県,吉川市,35.891152,139.841375,4,4
110238,埼玉県,ふじみ野市,35.879538,139.519764,3,3
110239,埼玉県,白岡市,36.019026,139.676925,4,4
110240,埼玉県,伊奈町,36.000112,139.624185,3,3
110242,埼玉県,毛呂山町,35.941501,139.316067,3,3
110243,埼玉県,越生町,35.964478,139.294199,2,2
110244,埼玉県,川島町,35.982014,139.481518,3,3
110245,埼玉県,宮代町,36.022682,139.722885,4,4
110246,埼玉県,杉戸町,36.025765,139.736709,3,3
110247,埼玉県,松伏町,35.925774,139.815178,4,4
110301,埼玉県,秩父市,35.992055,139.084817,3,3
110302,埼玉県,横瀬町,35.987284,139.100046,3,3
110303,埼玉県,皆野町,36.070840,139.098754,3,3
110304,埼玉県,長瀞町,36.114803,139.109717,3,3
110305,埼玉県,小鹿野町,36.017129,139.008574,2,2
120101,千葉県,銚子市,35.734681,140.826641,2,2
120102,千葉県,茂原市,35.428544,140.288027,2,2
120103,千葉県,東金市,35.559944,140.366092,2,2
120104,千葉県,旭市,35.720434,140.646469,2,2
120105,千葉県,匝瑳市,35.707917,140.564281,2,2
120106,千葉県,香取市,35.897735,140.499268,3,3
120107,千葉県,山武市,35.602964,140.413506,2,2
120108,千葉県,大網白里市,35.521708,140.320960,2,2
120109,千葉県,神崎町,35.901602,140.405285,3,3
120110,千葉県,多古町,35.735434,140.467728,2,2
120111,千葉県,東庄町,35.837150,140.668581,2,2
120112,千葉県,九十九里町,35.535062,140.440250,2,2
120113,千葉県,芝山町,35.693056,140.414194,2,2
120114,千葉県,横芝光町,35.665568,140.504309,2,2
120115,千葉県,一宮町,35.372623,140.368659,2,2
120116,千葉県,睦沢町,35.361088,140.319273,2,2
120117,千葉県,長生村,35.412184,140.354060,2,2
120118,千葉県,白子町,35.454340,140.374234,2,2
120119,千葉県,長柄町,35.431125,140.227059,2,2
120120,千葉県,長南町,35.386421,140.237065,2,2
120201,千葉県,千葉中央区,35.608932,140.124636,3,3
120207,千葉県,市川市,35.721912,139.931010,3,3
120208,千葉県,船橋市,35.694706,139.982618,3,3
120209,千葉県,松戸市,35.787649,139.903093,3,3
120210,千葉県,野田市,35.955192,139.874764,4,4
120211,千葉県,成田市,35.776608,140.318781,3,3
120212,千葉県,佐倉市,35.723486,140.223964,3,3
120213,千葉県,習志野市,35.683035,140.024365,3,3
120214,千葉県,柏市,35.867612,139.975850,3,3
120215,千葉県,市原市,35.497838,140.115665,2,2
120216,千葉県,流山市,35.856310,139.902660,4,4
120217,千葉県,八千代市,35.722468,140.099772,3,3
120218,千葉県,我孫子市,35.864123,140.028225,3,3
120219,千葉県,鎌ケ谷市,35.776750,140.000790,3,3
120220,千葉県,浦安市,35.653984,139.902203,3,3
120221,千葉県,四街道市,35.669816,140.167925,3,3
120222,千葉県,八街市,35.665917,140.317952,2,2
120223,千葉県,印西市,35.832348,140.145815,3,3
120224,千葉県,白井市,35.791500,140.056372,3,3
120225,千葉県,富里市,35.726808,140.343058,2,2
120226,千葉県,酒々井町,35.724824,140.269547,2,2
120227,千葉県,栄町,35.840784,140.243831,2,2
120301,千葉県,館山市,34.996506,139.869965,3,3
120302,千葉県,木更津市,35.381227,139.924860,2,2
120303,千葉県,勝浦市,35.152283,140.320932,1,1
120304,千葉県,鴨川市,35.113987,140.098711,2,2
120305,千葉県,君津市,35.330450,139.902677,2,2
120306,千葉県,富津市,35.304120,139.857105,2,2
120307,千葉県,袖ケ浦市,35.429808,139.954430,2,2
120308,千葉県,南房総市,35.042991,139.840128,2,2
120309,千葉県,いすみ市,35.253889,140.385051,3,3
120310,千葉県,大多喜町,35.285191,140.245439,2,2
120311,千葉県,御宿町,35.191506,140.348796,2,2
120312,千葉県,鋸南町,35.111159,139.835509,3,3
130101,東京都,千代田区,35.694003,139.753595,3,3
130102,東京都,中央区,35.670651,139.771861,3,3
130103,東京都,港区,35.658068,139.751599,3,3
130104,東京都,新宿区,35.693840,139.703549,2,2
130105,東京都,文京区,35.708068,139.752167,3,3
130106,東京都,台東区,35.712607,139.779996,3,3
130107,東京都,墨田区,35.710722,139.801497,4,4
130108,東京都,江東区,35.672854,139.817410,3,3
130109,東京都,品川区,35.609226,139.730186,2,2
130110,東京都,目黒区,35.641463,139.698171,2,2
130111,東京都,大田区,35.561257,139.716051,3,3
130112,東京都,世田谷区,35.646572,139.653247,2,2
130114,東京都,中野区,35.707399,139.663835,3,3
130115,東京都,杉並区,35.699566,139.636438,3,3
130116,東京都,豊島区,35.726118,139.716605,3,3
130117,東京都,北区,35.752804,139.733481,3,3
130118,東京都,荒川区,35.736080,139.783369,4,4
130119,東京都,板橋区,35.751165,139.709244,3,3
130120,東京都,練馬区,35.735623,139.651658,3,3
130121,東京都,足立区,35.775664,139.804479,4,4
130122,東京都,葛飾区,35.743575,139.847180,3,3
130123,東京都,江戸川区,35.706657,139.868427,3,3
130201,東京都,八王子市,35.666339,139.315806,2,2
130202,東京都,立川市,35.714014,139.407843,2,2
130203,東京都,武蔵野市,35.717784,139.566260,3,3
130204,東京都,三鷹市,35.683513,139.559584,1,1
130205,東京都,府中市,35.668974,139.477661,2,2
130206,東京都,昭島市,35.705755,139.353548,2,2
130207,東京都,調布市,35.650615,139.540694,3,3
130208,東京都,町田市,35.546631,139.438619,3,3
130210,東京都,小平市,35.728577,139.477456,3,3
130212,東京都,東村山市,35.754597,139.468489,3,3
130213,東京都,国分寺市,35.710335,139.463191,3,3
130215,東京都,福生市,35.738451,139.326932,2,2
130218,東京都,清瀬市,35.785753,139.526430,2,2
130219,東京都,東久留米市,35.758048,139.529739,2,2
130221,東京都,多摩市,35.637004,139.446307,2,2
130222,東京都,稲城市,35.637924,139.504567,2,2
130223,東京都,羽村市,35.767222,139.310944,2,2
130301,東京都,青梅市,35.787996,139.275830,2,2
130302,東京都,あきる野市,35.728920,139.294119,2,2
130305,東京都,奥多摩町,35.809543,139.096197,2,2
140101,神奈川県,横浜鶴見区,35.508404,139.682540,2,2
140102,神奈川県,横浜神奈川区,35.476901,139.629431,3,3
140103,神奈川県,横浜西区,35.453623,139.616960,3,3
140104,神奈川県,横浜中区,35.444699,139.642178,3,3
140105,神奈川県,横浜南区,35.431462,139.608837,2,2
140106,神奈川県,横浜保土ケ谷区,35.459953,139.595979,3,3
140107,神奈川県,横浜磯子区,35.402439,139.618433,2,2
140108,神奈川県,横浜金沢区,35.337250,139.624408,2,2
140109,神奈川県,横浜港北区,35.519083,139.633024,3,3
140110,神奈川県,横浜戸塚区,35.400001,139.533507,2,2
140111,神奈川県,横浜港南区,35.400780,139.591167,2,2
140112,神奈川県,横浜旭区,35.474836,139.544720,2,2
140113,神奈川県,横浜緑区,35.512396,139.538006,2,2
140114,神奈川県,横浜瀬谷区,35.466026,139.498860,2,2
140115,神奈川県,横浜栄区,35.364348,139.554076,2,2
140116,神奈川県,横浜泉区,35.417938,139.488722,2,2
140117,神奈川県,横浜青葉区,35.552824,139.537019,2,2
140118,神奈川県,横浜都筑区,35.544851,139.570530,2,2
140119,神奈川県,川崎川崎区,35.529667,139.703848,3,3
140120,神奈川県,川崎幸区,35.544293,139.686772,3,3
140121,神奈川県,川崎中原区,35.576371,139.655709,2,2
140122,神奈川県,川崎高津区,35.599462,139.607938,2,2
140123,神奈川県,川崎多摩区,35.619489,139.562127,2,2
140124,神奈川県,川崎宮前区,35.589192,139.578469,3,3
140125,神奈川県,川崎麻生区,35.603730,139.505747,2,2
140126,神奈川県,横須賀市,35.281341,139.672201,2,2
140127,神奈川県,平塚市,35.335110,139.349476,3,3
140128,神奈川県,鎌倉市,35.319225,139.546687,2,2
140129,神奈川県,藤沢市,35.339170,139.490036,2,2
140130,神奈川県,茅ヶ崎市,35.333860,139.404716,2,2
140131,神奈川県,逗子市,35.295606,139.580423,1,1
140132,神奈川県,三浦市,35.144171,139.620770,2,2
140133,神奈川県,大和市,35.487512,139.457950,2,2
140135,神奈川県,座間市,35.488587,139.407673,2,2
140136,神奈川県,綾瀬市,35.437175,139.426148,3,3
140137,神奈川県,葉山町,35.272089,139.586200,1,1
140138,神奈川県,寒川町,35.372956,139.383861,2,2
140139,神奈川県,大磯町,35.306850,139.311314,2,2
140140,神奈川県,二宮町,35.299491,139.255402,3,3
140201,神奈川県,相模原緑区,35.595650,139.337710,2,2
140202,神奈川県,相模原中央区,35.571384,139.373246,2,2
140203,神奈川県,相模原南区,35.530297,139.430195,2,2
140204,神奈川県,小田原市,35.264564,139.152154,3,3
140205,神奈川県,秦野市,35.374736,139.219943,2,2
140206,神奈川県,厚木市,35.443082,139.362489,3,3
140207,神奈川県,伊勢原市,35.402969,139.314973,2,2
140208,神奈川県,南足柄市,35.320715,139.099600,2,2
140209,神奈川県,中井町,35.330717,139.218774,3,3
140210,神奈川県,大井町,35.326674,139.156577,3,3
140211,神奈川県,松田町,35.348159,139.139375,2,2
140212,神奈川県,山北町,35.360605,139.083831,2,2
140214,神奈川県,箱根町,35.232355,139.106937,1,1
140217,神奈川県,愛川町,35.528796,139.321717,2,2
140218,神奈川県,清川村,35.482383,139.276382,2,2
150101,新潟県,糸魚川市,37.039028,137.862652,4,4
150102,新潟県,妙高市,37.025196,138.253473,4,4
150103,新潟県,上越市,37.147848,138.236080,7,6弱
150201,新潟県,長岡市,37.446265,138.851277,8,6強
150202,新潟県,三条市,37.636768,138.961689,5,5弱
150203,新潟県,柏崎市,37.371900,138.558984,6,5強
150204,新潟県,小千谷市,37.314339,138.795100,7,6弱
150205,新潟県,加茂市,37.666275,139.040198,4,4
150206,新潟県,十日町市,37.127582,138.755708,8,6強
150207,新潟県,見附市,37.531604,138.912825,5,5弱
150208,新潟県,魚沼市,37.244124,138.924361,7,6弱
150209,新潟県,南魚沼市,37.161428,138.925448,7,6弱
150210,新潟県,田上町,37.698826,139.057982,4,4
150211,新潟県,出雲崎町,37.530707,138.709303,6,5強
150212,新潟県,湯沢町,36.934025,138.817440,4,4
150213,新潟県,津南町,37.014274,138.652622,5,5弱
150301,新潟県,新潟北区,37.916243,139.218588,3,3
150303,新潟県,新潟中央区,37.916367,139.036326,4,4
150304,新潟県,新潟江南区,37.867646,139.093983,3,3
150305,新潟県,新潟秋葉区,37.788506,139.114631,4,4
150306,新潟県,新潟南区,37.765785,139.019127,4,4
150307,新潟県,新潟西区,37.874223,138.971940,4,4
150308,新潟県,新潟西蒲区,37.760464,138.889284,4,4
150309,新潟県,新発田市,37.950886,139.327892,3,3
150310,新潟県,村上市,38.223979,139.480021,4,4
150311,新潟県,燕市,37.673152,138.882230,4,4
150312,新潟県,五泉市,37.744536,139.182568,3,3
150313,新潟県,阿賀野市,37.834501,139.225983,4,4
150314,新潟県,胎内市,38.059711,139.410342,3,3
150315,新潟県,聖籠町,37.974597,139.274336,4,4
150316,新潟県,弥彦村,37.691066,138.855249,4,4
150317,新潟県,阿賀町,37.675485,139.458780,4,4
150318,新潟県,関川村,38.089376,139.564918,3,3
150319,新潟県,粟島浦村,38.468267,139.254439,2,2
150401,新潟県,佐渡市,38.018353,138.368082,4,4
160101,富山県,富山市,36.695952,137.213677,3,3
160102,富山県,魚津市,36.827367,137.409215,3,3
160103,富山県,滑川市,36.764378,137.341191,3,3
160104,富山県,黒部市,36.871508,137.448030,3,3
160105,富山県,舟橋村,36.703531,137.307377,3,3
160106,富山県,上市町,36.698414,137.362380,3,3
160107,富山県,立山町,36.663522,137.313697,3,3
160108,富山県,入善町,36.933511,137.502045,3,3
160201,富山県,高岡市,36.754096,137.025728,3,3
160202,富山県,氷見市,36.855981,136.972849,3,3
160203,富山県,砺波市,36.647534,136.962009,2,2
160205,富山県,南砺市,36.557513,136.875336,3,3
160206,富山県,射水市,36.782455,137.079614,3,3
170101,石川県,七尾市,37.043102,136.967518,3,3
170102,石川県,輪島市,37.390590,136.899196,3,3
170103,石川県,珠洲市,37.436347,137.260436,4,4
170104,石川県,羽咋市,36.893599,136.778996,3,3
170105,石川県,志賀町,37.006312,136.778010,3,3
170106,石川県,宝達志水町,36.862773,136.797529,3,3
170107,石川県,中能登町,36.988884,136.901832,3,3
170108,石川県,穴水町,37.230995,136.912475,4,4
170109,石川県,能登町,37.353216,137.244521,4,4
170201,石川県,金沢市,36.561325,136.656205,2,2
170202,石川県,小松市,36.408351,136.445571,2,2
170203,石川県,加賀市,36.302624,136.314627,2,2
170204,石川県,かほく市,36.719826,136.706727,2,2
170205,石川県,白山市,36.514427,136.565892,2,2
170206,石川県,能美市,36.446941,136.554242,2,2
170209,石川県,津幡町,36.668693,136.728442,2,2
170210,石川県,内灘町,36.653494,136.645086,2,2
180101,福井県,福井市,36.064067,136.219494,2,2
180105,福井県,あわら市,36.211353,136.229025,1,1
180107,福井県,坂井市,36.166925,136.231457,2,2
180201,福井県,敦賀市,35.645244,136.055441,1,1
190101,山梨県,富士吉田市,35.487497,138.807854,2,2
190102,山梨県,都留市,35.551680,138.905473,1,1
190104,山梨県,上野原市,35.630259,139.108599,2,2
190105,山梨県,道志村,35.527956,139.033379,2,2
190106,山梨県,西桂町,35.524069,138.846891,2,2
190107,山梨県,忍野村,35.460098,138.847861,3,3
190108,山梨県,山中湖村,35.410645,138.860917,3,3
190109,山梨県,鳴沢村,35.481392,138.706362,2,2
190110,山梨県,富士河口湖町,35.497314,138.755084,2,2
190112,山梨県,丹波山村,35.789712,138.922231,2,2
190201,山梨県,甲府市,35.662280,138.568202,2,2
190202,山梨県,山梨市,35.693394,138.686914,2,2
190203,山梨県,韮崎市,35.708897,138.446127,2,2
190204,山梨県,南アルプス市,35.608328,138.464966,2,2
190205,山梨県,北杜市,35.776530,138.423781,2,2
190206,山梨県,甲斐市,35.686259,138.487257,2,2
190207,山梨県,笛吹市,35.647360,138.639786,2,2
190208,山梨県,甲州市,35.704316,138.729404,2,2
190209,山梨県,中央市,35.599629,138.517272,2,2
190211,山梨県,早川町,35.412917,138.362759,1,1
190212,山梨県,身延町,35.467494,138.442460,1,1
190214,山梨県,富士川町,35.561156,138.461384,2,2
190215,山梨県,昭和町,35.627926,138.535142,2,2
200101,長野県,長野市,36.648550,138.194243,4,4
200102,長野県,須坂市,36.651097,138.307192,3,3
200103,長野県,中野市,36.742044,138.369450,4,4
200104,長野県,大町市,36.503018,137.851094,2,2
200105,長野県,飯山市,36.851745,138.365495,4,4
200106,長野県,千曲市,36.533897,138.120108,3,3
200107,長野県,池田町,36.421366,137.874502,2,2
200109,長野県,白馬村,36.698180,137.861850,2,2
200110,長野県,小谷村,36.779067,137.908405,2,2
200112,長野県,小布施町,36.697492,138.312037,2,2
200113,長野県,高山村,36.679768,138.363255,3,3
200114,長野県,山ノ内町,36.744634,138.412596,3,3
200115,長野県,木島平村,36.858406,138.406829,4,4
200116,長野県,野沢温泉村,36.922902,138.440641,4,4
200117,長野県,信濃町,36.806404,138.207113,4,4
200119,長野県,飯綱町,36.763185,138.254809,4,4
200201,長野県,松本市,36.238038,137.972034,3,3
200202,長野県,上田市,36.401912,138.248889,3,3
200203,長野県,岡谷市,36.067012,138.049326,2,2
200204,長野県,諏訪市,36.039142,138.114182,3,3
200205,長野県,小諸市,36.327419,138.425880,2,2
200206,長野県,茅野市,35.995571,138.158893,2,2
200207,長野県,塩尻市,36.114972,137.953449,2,2
200208,長野県,佐久市,36.248868,138.476831,3,3
200210,長野県,安曇野市,36.303951,137.905801,2,2
200213,長野県,南牧村,36.020856,138.492091,3,3
200215,長野県,北相木村,36.059169,138.550883,1,1
200216,長野県,佐久穂町,36.161106,138.483544,1,1
200217,長野県,軽井沢町,36.348290,138.596955,3,3
200218,長野県,御代田町,36.321183,138.508784,3,3
200219,長野県,立科町,36.272070,138.315972,3,3
200220,長野県,青木村,36.370346,138.128840,3,3
200221,長野県,長和町,36.255854,138.267866,2,2
200222,長野県,下諏訪町,36.069559,138.080170,2,2
200223,長野県,富士見町,35.914621,138.240699,2,2
200224,長野県,原村,35.964456,138.217720,2,2
200225,長野県,麻績村,36.456089,138.045289,3,3
200226,長野県,生坂村,36.425248,137.927383,3,3
200227,長野県,山形村,36.168028,137.879155,2,2
200228,長野県,朝日村,36.123550,137.866133,2,2
200229,長野県,筑北村,36.402553,138.011938,3,3
200301,長野県,飯田市,35.514978,137.821447,3,3
200302,長野県,伊那市,35.827481,137.954080,2,2
200303,長野県,駒ヶ根市,35.728814,137.933782,2,2
200304,長野県,辰野町,35.982513,137.987484,2,2
200305,長野県,箕輪町,35.915134,137.981944,3,3
200306,長野県,飯島町,35.676737,137.919680,3,3
200307,長野県,南箕輪村,35.872900,137.975024,2,2
200308,長野県,中川村,35.634537,137.946058,2,2
200309,長野県,宮田村,35.768904,137.944307,2,2
200310,長野県,松川町,35.597292,137.909567,2,2
200311,長野県,高森町,35.551497,137.878437,2,2
200312,長野県,阿南町,35.323640,137.816055,1,1
200313,長野県,阿智村,35.443769,137.747505,2,2
200314,長野県,平谷村,35.323236,137.630030,2,2
200315,長野県,根羽村,35.253077,137.581260,1,1
200316,長野県,下條村,35.397414,137.786051,1,1
200317,長野県,売木村,35.271046,137.711313,1,1
200318,長野県,天龍村,35.276227,137.854140,1,1
200319,長野県,泰阜村,35.377523,137.846015,2,2
200320,長野県,喬木村,35.513682,137.873700,1,1
200321,長野県,豊丘村,35.551439,137.895975,1,1
200322,長野県,大鹿村,35.578222,138.034017,1,1
200323,長野県,上松町,35.784076,137.694069,2,2
200324,長野県,南木曽町,35.603756,137.609016,1,1
200325,長野県,木祖村,35.936437,137.783301,2,2
200326,長野県,王滝村,35.809395,137.550969,2,2
200327,長野県,大桑村,35.682911,137.664918,2,2
200328,長野県,木曽町,35.842431,137.691508,3,3
210101,岐阜県,高山市,36.146124,137.252173,2,2
210102,岐阜県,飛騨市,36.238124,137.186317,2,2
210103,岐阜県,下呂市,35.805882,137.244100,1,1
210104,岐阜県,白川村,36.270806,136.898478,2,2
210201,岐阜県,多治見市,35.332800,137.132077,1,1
210202,岐阜県,中津川市,35.487548,137.500509,3,3
210203,岐阜県,瑞浪市,35.361712,137.254587,1,1
210204,岐阜県,恵那市,35.449314,137.412808,2,2
210206,岐阜県,土岐市,35.352500,137.183202,1,1
210301,岐阜県,岐阜市,35.423298,136.760654,2,2
210302,岐阜県,大垣市,35.359384,136.612750,2,2
210307,岐阜県,山県市,35.506109,136.781372,2,2
210308,岐阜県,瑞穂市,35.404094,136.649774,2,2
210310,岐阜県,郡上市,35.748577,136.964354,1,1
210311,岐阜県,海津市,35.220492,136.636662,2,2
210312,岐阜県,岐南町,35.389722,136.783317,1,1
210313,岐阜県,笠松町,35.367200,136.763167,2,2
210318,岐阜県,輪之内町,35.285108,136.637435,2,2
210319,岐阜県,安八町,35.335391,136.665409,2,2
220101,静岡県,熱海市,35.096276,139.071705,1,1
220102,静岡県,伊東市,34.965671,139.101936,1,1
220103,静岡県,下田市,34.679533,138.945316,1,1
220104,静岡県,伊豆市,34.976586,138.946704,1,1
220105,静岡県,伊豆の国市,35.027735,138.928921,2,2
220109,静岡県,松崎町,34.752769,138.778726,2,2
220110,静岡県,西伊豆町,34.771676,138.775356,1,1
220111,静岡県,函南町,35.088973,138.953366,3,3
220201,静岡県,沼津市,35.095584,138.863493,2,2
220202,静岡県,三島市,35.118402,138.918513,2,2
220203,静岡県,富士宮市,35.222054,138.621643,2,2
220204,静岡県,富士市,35.161399,138.676273,2,2
220205,静岡県,御殿場市,35.308584,138.934506,2,2
220206,静岡県,裾野市,35.173883,138.906729,2,2
220207,静岡県,清水町,35.099015,138.902717,2,2
220208,静岡県,長泉町,35.137670,138.897178,2,2
220209,静岡県,小山町,35.360107,138.987298,2,2
220301,静岡県,静岡葵区,34.975140,138.383243,1,1
220302,静岡県,静岡駿河区,34.960745,138.404039,2,2
220303,静岡県,静岡清水区,35.015888,138.489528,2,2
220304,静岡県,島田市,34.836364,138.175997,1,1
220305,静岡県,焼津市,34.866920,138.323189,2,2
220306,静岡県,藤枝市,34.867367,138.257458,1,1
220307,静岡県,牧之原市,34.740043,138.224652,2,2
220401,静岡県,浜松中央区,34.710896,137.725940,1,1
220402,静岡県,浜松浜名区,34.793372,137.789925,1,1
220403,静岡県,浜松天竜区,34.872649,137.816265,1,1
220404,静岡県,磐田市,34.717904,137.851513,1,1
220405,静岡県,掛川市,34.768767,137.998168,1,1
220406,静岡県,袋井市,34.750174,137.924679,2,2
220408,静岡県,御前崎市,34.637987,138.128127,1,1
220409,静岡県,菊川市,34.757746,138.084582,2,2
230101,愛知県,豊橋市,34.769200,137.391466,2,2
230102,愛知県,豊川市,34.826851,137.375542,2,2
230104,愛知県,新城市,34.899229,137.498476,1,1
230105,愛知県,田原市,34.668806,137.264203,1,1
230108,愛知県,豊根村,35.146738,137.719700,1,1
230201,愛知県,名古屋千種区,35.166486,136.946434,2,2
230202,愛知県,名古屋東区,35.179325,136.925993,2,2
230203,愛知県,名古屋北区,35.194206,136.911519,2,2
230204,愛知県,名古屋西区,35.189117,136.890033,2,2
230205,愛知県,名古屋中村区,35.168747,136.873015,2,2
230206,愛知県,名古屋中区,35.168707,136.910251,1,1
230208,愛知県,名古屋瑞穂区,35.131441,136.934961,2,2
230209,愛知県,名古屋熱田区,35.128545,136.910280,2,2
230211,愛知県,名古屋港区,35.107772,136.885567,2,2
230212,愛知県,名古屋南区,35.095169,136.931242,2,2
230213,愛知県,名古屋守山区,35.203335,136.976314,2,2
230215,愛知県,名古屋名東区,35.175848,137.010183,2,2
230216,愛知県,名古屋天白区,35.122671,136.974982,1,1
230218,愛知県,一宮市,35.303890,136.802933,1,1
230219,愛知県,瀬戸市,35.223614,137.084171,1,1
230220,愛知県,半田市,34.891718,136.937961,1,1
230221,愛知県,春日井市,35.247611,136.972224,2,2
230222,愛知県,津島市,35.177029,136.741214,2,2
230223,愛知県,碧南市,34.884804,136.993375,1,1
230224,愛知県,刈谷市,34.989225,137.002107,2,2
230225,愛知県,豊田市,35.082395,137.156249,1,1
230226,愛知県,安城市,34.958641,137.080297,1,1
230227,愛知県,西尾市,34.861937,137.061850,2,2
230229,愛知県,常滑市,34.886700,136.832397,1,1
230230,愛知県,江南市,35.332011,136.870617,1,1
230231,愛知県,小牧市,35.290310,136.910952,1,1
230232,愛知県,稲沢市,35.248132,136.780202,2,2
230233,愛知県,東海市,35.022843,136.902530,1,1
230235,愛知県,知多市,34.996533,136.864755,1,1
230236,愛知県,知立市,35.001272,137.050749,2,2
230237,愛知県,尾張旭市,35.216513,137.035396,2,2
230238,愛知県,高浜市,34.927643,136.987677,1,1
230239,愛知県,岩倉市,35.279503,136.871431,2,2
230240,愛知県,豊明市,35.053688,137.012997,2,2
230241,愛知県,日進市,35.132015,137.039412,2,2
230242,愛知県,愛西市,35.153141,136.728100,2,2
230243,愛知県,清須市,35.203381,136.865521,2,2
230244,愛知県,北名古屋市,35.245668,136.866008,1,1
230245,愛知県,弥富市,35.110018,136.724739,2,2
230246,愛知県,みよし市,35.089410,137.074854,2,2
230247,愛知県,あま市,35.170304,136.800830,2,2
230249,愛知県,東郷町,35.096748,137.052553,2,2
230250,愛知県,豊山町,35.250474,136.912006,1,1
230251,愛知県,大口町,35.332436,136.907670,1,1
230253,愛知県,大治町,35.175078,136.820095,2,2
230254,愛知県,蟹江町,35.132331,136.786746,2,2
230255,愛知県,飛島村,35.078848,136.791078,2,2
230256,愛知県,阿久比町,34.932611,136.915554,2,2
230257,愛知県,東浦町,34.977094,136.965622,2,2
230259,愛知県,美浜町,34.778815,136.908237,1,1
230260,愛知県,武豊町,34.851134,136.914803,1,1
240101,三重県,四日市市,34.965157,136.624485,1,1
240102,三重県,桑名市,35.062216,136.683803,2,2
240103,三重県,鈴鹿市,34.881880,136.584209,1,1
240106,三重県,木曽岬町,35.075980,136.731328,2,2
240201,三重県,津市,34.718596,136.505698,1,1
250101,滋賀県,彦根市,35.274461,136.259623,1,1
270103,大阪府,大阪此花区,34.683049,135.452328,1,1
270109,大阪府,大阪西淀川区,34.711348,135.456202,1,1
270128,大阪府,高槻市,34.846159,135.617272,1,1
270134,大阪府,大東市,34.712015,135.623659,1,1
270135,大阪府,箕面市,34.826930,135.470463,1,1
270137,大阪府,門真市,34.739542,135.586890,1,1
270139,大阪府,東大阪市,34.679330,135.601012,1,1
270140,大阪府,四條畷市,34.739941,135.639533,1,1
270201,大阪府,堺堺区,34.573254,135.483101,1,1
270208,大阪府,岸和田市,34.460634,135.370829,1,1
280210,兵庫県,尼崎市,34.733734,135.406376,1,1
280215,兵庫県,加古川市,34.756950,134.841177,1,1
290101,奈良県,奈良市,34.685087,135.805000,1,1
290117,奈良県,安堵町,34.606480,135.756781,1,1
290118,奈良県,川西町,34.584394,135.774038,1,1
290119,奈良県,三宅町,34.573698,135.773144,1,1
290120,奈良県,田原本町,34.556601,135.794876,1,1
